product_id,ml_next_month_confirmed,segment,last_month_confirmed
010101S19P06,0,C,0
010102M10E06,11,C,52
010102M19E06,1,C,0
010102M5EA06,2,C,6
010102M80006,1,C,0
010102SAM906,4,C,8
010401RAJOC2000,6,C,7
01AF9P06,1,C,0
01AGRCM3,1,C,0
01D20B06,0,C,0
01FT5002,1,C,0
01FT5006,0,C,0
01FT8006,0,C,0
01MPVA3D,0,C,0
01MPVAFA,1,C,0
01PANT99,0,C,0
01RGB260,1,C,0
01SWM699,0,C,0
01WT5519,3,C,4
01WT5S05,0,C,0
01XCML99,0,C,0
020401AL2642,1,C,0
02AIRS99,0,C,0
02IPBW99,6,A,3
02THBF99,19,A,60
030101AS0099,0,C,0
030101FMAH99,0,C,0
030101FO0099,3,C,5
030101IK0499,0,C,0
030101LF0099,0,C,0
030101LS0099,30,B,47
030101MN0099,1,B,1
030101MSW099,0,C,0
030101WE0099,0,C,0
030102FH0099,0,C,0
030103RF0099,0,C,0
030103SG0099,0,B,0
030104OM0099,1,C,0
030104SH0099,0,C,0
030106FW0099,0,C,0
030106WF0006,0,C,0
030107BB0099,0,C,0
030107CS0099,1,C,0
030107MS0099,0,C,0
030107MT0099,1,C,2
030107MT0099C531,1,C,2
030107SC0099,81,A,137
030107ZG0099,0,C,0
030201LD0099,0,C,0
030202HM0099,0,C,0
030402CV0099,0,C,0
030402DS0099,1,C,1
030402FFC099,0,C,0
030402FI0099,0,C,0
030402KA0099,1,C,0
030402KC0099,0,C,0
030402MN0099,0,C,0
030402MS3099,0,C,0
030402SU0099,0,C,0
030402VE0099,0,C,0
032YFT99,0,C,0
033ST099,217,A,287
034PDB05,0,C,0
034PDB07,0,C,0
034PDB24,0,C,0
034PDB29,0,C,0
03BACO99,1,C,1
03CISK02,0,C,0
03COCO99,0,C,0
03CP2V02,0,C,0
03CP8V02,0,C,0
03CRWO99,0,C,0
03CUVE99,0,C,0
03DCSS99,0,C,0
03DSPI99,201,A,316
03GLRM99,0,A,0
03HH0099,0,C,0
03HPWA99,784,A,1719
03ITDG99,4,B,11
03JXSS99,7,B,16
03JY6009,0,C,0
03LASC99,0,C,0
03LH4199,0,C,0
03MASP02,0,C,0
03MCDR99,0,B,0
03MCLC99,0,C,0
03MDCD99,0,C,0
03MF3IN1,0,C,0
03MFES99,0,C,0
03MMZB99,0,C,0
03MS6IN1,1,A,1
03NONM99,0,C,0
03OCTF99,1,C,0
03RCLL99,1,C,0
03RSTO99,9,B,30
03SGCM99,0,C,0
03SHCA99,222,A,364
03SMBX99,0,A,0
03SMST99,1,C,0
03SOML99,2,C,3
03SRS099,2,C,6
03SS0099,10,A,4
03SSML99,0,C,0
03SSSL99,0,C,0
03SVC6TP,0,C,0
03SW48I1,0,C,0
03SW8130,294,A,293
03SWBS99,1,C,0
03TRGF99,1,C,1
03ULAL06,4,C,8
03ULAL206,2,C,2
03UMZU99,0,C,0
03USBP99,0,C,0
03USTW02,1,C,1
03WH2IN1,0,C,0
03WLHB97,15,B,44
03WT2IN1,163,A,247
03WT4IN1,380,A,1054
03XPPI05,0,C,0
03ZSWY01,0,C,0
040102RF0099,1,C,0
040103SB0099,0,C,0
040104GB0030,0,C,0
040107HDBD99,4,C,13
040107MET099,0,C,0
040107MG0099,0,C,0
040107OC0406,1,C,1
040107OC0506,0,C,0
040107TBFB99,0,C,0
040108MAGU99,1,C,0
040108MK0099,1,C,1
040108MMS099,0,C,0
040108NML099,0,C,0
040108RM0099,0,C,0
040110EC0099,0,C,0
040301EGBL54,1,C,1
040301EGDB71,0,C,0
040305PB0099,0,C,0
040305PSA099,0,C,0
040305WD0099,0,C,0
044XLL99,1,C,0
04BC0299,1,C,1
04BC0399,1,C,2
04BC0499,1,C,1
04BC0599,2,C,3
04BC0699,1,C,1
04BZT999,1,C,0
04F18KGP,4,C,4
04FC0499,0,C,0
04FC0699,2,C,3
04FFHR99,4,C,6
04FLWB99,1,C,0
04GPPG01,0,C,0
04HDVW99,0,B,0
04KKC099,0,C,0
04KSSM99,0,C,0
04LUMA99,0,C,0
04MAKP99,0,C,0
04MC0399,1,C,0
04MFSP99,1,C,0
04N2XL99,0,C,0
04N3XL99,0,C,0
04N3XS99,0,C,0
04NOBL99,0,C,0
04NOBP99,0,C,0
04NOXL99,0,C,0
04NSBF99,0,C,0
04PCRN06,0,C,0
04PVRC99,1,C,0
04SC0299,0,C,0
04SC0399,0,C,0
04STEX99,0,C,0
04VGR071,32,A,72
04YESFAL,14,A,24
050101ALLO99,0,C,0
050101FL0099,31,A,46
050101MASK06,0,C,0
050101SKUL99,0,C,0
050101URMM99,9,C,23
050102FI0099,1,C,0
050102TI0099,0,C,0
050103BL0099,0,C,0
050103UNIV06,0,C,0
050201INST99,0,C,0
050201OP0099,1,C,0
050202RO0099,1,C,0
050301AS0014,0,C,0
050301DIRM99,1,C,1
050301FL0099,22,A,10
050301HO0099,0,C,0
050301MTS099,1,C,0
050301PACE99,0,C,0
050301PI0099,1,C,0
050301PP0099,0,C,0
050301RK0099,1,C,1
050301SMAR99,0,C,0
050301VOLC99,1,C,0
05033MGS099,0,C,0
050401MT0099,0,C,0
050401PS0099,4,B,12
050401ROLL99,0,C,0
050401TI0099,0,C,0
050501BO0099,2,C,3
050601TACT99,0,C,0
050701FM0099,1,A,0
050801DI0099,1,C,0
050801MASK06,1,C,0
050901CH0030,0,C,0
050901FSix99,0,C,0
050901GP0030,0,C,0
050901NL0099,180,A,371
05AEAI99,0,C,0
05CPG099,0,C,0
05MPBB99,0,C,0
05TTBS99,22,A,27
05WOPG99,1,C,1
06AQST99,1,C,0
06AWDM06,0,C,0
06CSMG99,0,C,0
06HSSM02,54,A,196
07ACCC99,0,C,0
07BTOA99,40,A,12
07CB0099,3,C,4
07DSFC99,0,C,0
07FCSV99,0,C,0
07FDCS99,0,B,0
07HFTB99,0,C,0
07LSFR99,0,C,0
07SB0099,19,A,94
07SCTO99,0,C,0
08BT0099,409,A,1139
08EMSF06,1,C,0
08TRBA99,1,C,0
08ZADO99,1,C,0
CA2251,0,C,0
EG0101010X00,2,C,3
EG010101AWEL99,4,C,10
EG010101DHUM0000,0,C,0
EG010101DK0000,0,C,0
EG010101FT3002,1,C,0
EG010101GJKL99,4,C,9
EG010101GPKL99,1,C,1
EG010101GYKL99,0,C,0
EG010101HPKL99,1,C,1
EG010101I7MP06,1,C,1
EG010101I7PS06,1,C,1
EG010101PP7I06,0,C,0
EG010101QAZL99,0,C,0
EG010101QAZX99,0,C,0
EG010101T2SP01,1,C,0
EG010101T2SP10,1,C,0
EG010101T55W02,0,C,0
EG010101UL8T99,4,C,12
EG010101ULLT06,0,C,0
EG010101ULTT99,0,C,0
EG010101YT0000,2,C,3
EG010101Z36S05,1,C,0
EG010101Z36S10,1,C,0
EG010102AAAA99,0,C,0
EG010102AAAA99C148,0,C,0
EG010102AABB99C148,0,C,0
EG010102AE0000,414,A,607
EG010102AG0000,4,C,4
EG010102APPL000,2,C,2
EG010102AVBK99,1,C,1
EG010102BNDK99,0,C,0
EG010102ENC000,5,C,8
EG010102FF5099,0,C,0
EG010102GSTP2000,6,C,13
EG010102HW3P06,1,C,0
EG010102HX0200,7,C,14
EG010102HX0300,0,C,0
EG010102KZ0000,9,B,12
EG010102KZ3000,22,B,79
EG010102KZWINB000,0,C,0
EG010102KZWINPI000,1,C,1
EG010102M30099,0,C,0
EG010102M9000,1,C,0
EG010102MA0000,18,A,26
EG010102RENB000,1,C,1
EG010102ROMM06,0,C,0
EG010102SO90B0,2,C,1
EG010102SSWA9000,4,B,8
EG010102TB0000,0,C,0
EG010102UP0000,0,C,0
EG010104PS4C01,1,C,0
EG010104PS4C08,17,C,105
EG010105DHAI99,0,C,0
EG010106ABKL99,4,C,5
EG010106ABNO99,176,A,305
EG010106AJNEV9,0,C,0
EG010106AQMD99,0,C,0
EG010106AQMY99,0,C,0
EG010106ASBU99,4,C,5
EG010106AVBH99,280,A,525
EG010106AZMO99,0,B,0
EG010106AZXM99,0,C,0
EG010106CAMS99,196,A,278
EG010106CAMV000,467,A,1098
EG010106EL00,2,B,0
EG010106HJKM99,2,C,1
EG010106JP0000,25,A,74
EG010106MLKJ99,384,A,805
EG010106MLKU99,191,A,292
EG010106RY0000,5,B,10
EG010106ZNPM99,3,C,5
EG010106ZNXM99,0,C,0
EG01010CAMX5000,316,A,746
EG010202AVCO99,1,C,1
EG010203VIDP99,3,C,4
EG010203VIDV99,2,C,4
EG010206WB0000,0,C,0
EG010301DOQ015000,1,C,0
EG010301DOQT0800,2,C,3
EG010301DOQT99NEW,39,A,62
EG010301HX00000,0,C,0
EG010301HXACE4,3,C,5
EG010301M17PRO000,1,C,0
EG010301MDFG59,0,C,0
EG010301N321000,3,B,11
EG010301ND6M99,19,A,41
EG010301ND9K99,0,C,0
EG010301NDCC99,0,C,0
EG010301NDDX99,0,C,0
EG010301NDMP99,0,C,0
EG010301NDPP99NEW,680,A,1493
EG010301NDQC99NEW,206,A,273
EG010301NDUM99NEW,48,A,33
EG010301NDUMB6300,9,C,29
EG010301OR0000,0,C,0
EG010301R36000,162,A,264
EG010301SPI17000,0,B,0
EG010301SS250000,10,A,7
EG0103020A38000,16,A,8
EG010302A17000,0,B,0
EG010302AQ75,0,C,0
EG010302HX0A09,0,C,0
EG010302S7000,4,B,7
EG010302TABS9000,2,C,3
EG010303WF00,11,A,3
EG01030JOC6300,0,C,0
EG01030M363100,4,C,8
EG01030RAD6300,1,C,0
EG0104015IN10,0,C,0
EG010401AQWE99,2,B,3
EG010401GGU99,0,C,0
EG010401HX0000,0,C,0
EG010401HXRCF0,1,B,1
EG010401HXRX72,0,C,0
EG010401HXRi00,0,C,0
EG010401JBPI99NEW,0,C,0
EG010401ME0000,0,C,0
EG010401MIBA99,0,C,0
EG010401NGOS99,0,C,0
EG010401QGU99,1,C,1
EG010401QGUN9,1,C,1
EG010401RX3600,0,C,0
EG010401RX8800,0,C,0
EG010401SA0000,1,C,1
EG010401XRX730,0,C,0
EG010401YG308000,4,C,6
EG010402CMMK99,6,B,5
EG010402CXMU99,238,B,391
EG010402PY0000,3,B,2
EG010402PYN000,5,B,6
EG010402VN0000,4,C,9
EG010403XL0000,0,C,0
EG010403XLNE00,10,C,35
EG0105010AAA000,5,C,8
EG010501ADIP99,1,C,0
EG010501DZ0000,1148,A,2261
EG010501IW0000,0,B,0
EG010501TC0000,6,C,16
EG010502TI0000,1,C,1
EG0105030MAGS00,223,A,704
EG0105030MAJ21000,0,C,0
EG0105030MJ3500,0,C,0
EG010503AMJ1000,1,C,1
EG010503AMj1000,0,C,0
EG010503C146000,0,C,0
EG010503EATC99,0,C,0
EG010503G1S0000,0,C,0
EG010503MAG800,1,A,0
EG010503MJ10,2,C,4
EG010503PBOQ99,1,C,2
EG010503PROW99,0,C,0
EG010503VP0000,2,C,3
EG010503ZBLR99,3,C,10
EG010503ZCLR99,0,C,0
EG010504AYDI99,0,C,0
EG0106016AIR4000,0,C,0
EG010601A4T8000,0,C,0
EG010601AM0000,0,C,0
EG010601APPL00,2,C,2
EG010601BLST99,1,C,0
EG010601HX0000,3,C,4
EG010601HX1m00,2,C,2
EG010601NOBR000,0,C,0
EG010601NOMM99,0,C,0
EG010601NOMO99,0,C,0
EG010601NQGL99NEW,1,C,0
EG010601NSIL99NEW,32,A,48
EG010601NSML99,18,B,40
EG010601NSWL99,6,A,2
EG010601OL0000,8,B,30
EG010601PZX0,0,C,0
EG010601SP0000,13,C,37
EG010601VN0000,0,C,0
EG010606STR0000,0,C,0
EG01060R36M63000,1,C,0
EG01060RM10PU00,0,C,0
EG01060RSBV3IR000,0,C,0
EG010702AAP9000,0,B,0
EG010702AAPV99,188,A,362
EG010703HC2X100,0,C,0
EG010703HCSX00,0,C,0
EG010703HX0000,13,A,22
EG010703MZ0000,0,C,0
EG010703NK0000,2,C,2
EG010703PXN0,0,C,0
EG020103AQ3399,0,C,0
EG020103JB3806,1,C,0
EG020103JQ3199,0,C,0
EG020103MQ2899,0,C,0
EG020103T3599,1,C,2
EG020109LC0710CONS,0,C,0
EG020211MB0000,0,C,0
EG020401RAIN00,1,C,0
EG020403RAIN0399,1,C,3
EG020403RAIN0599,0,C,0
EG020501BAFB99,0,C,0
EG020501BAGG99,112,A,193
EG020501BAMJC9,0,C,0
EG020502SS0006,0,C,0
EG020503BB0007,1,C,0
EG020503COOL04C534,0,C,0
EG020503CT0012,1,C,0
EG020506SS0000,1,C,0
EG020506SS0014,0,C,0
EG020506XX0099,0,C,0
EG02060131X0000,0,C,0
EG02060132X0000,1,C,0
EG0206013X0000,1,C,0
EG020601YE0000,6,A,9
EG030101AIRD99,245,A,526
EG030101BUGR99,0,B,0
EG030101DS3G99,0,C,0
EG030101FAST99,0,C,0
EG030101FOGS99,0,C,0
EG030101HNFY99,2,C,2
EG030101LASK99,0,C,0
EG030101LAZS99,0,C,0
EG030101MGGN99,1,C,3
EG030101NAMOS99,0,C,0
EG030101NOVV99,1,C,0
EG030101QHSL99,190,A,215
EG030101SHOG99,0,C,0
EG030101TURJ99,0,C,0
EG030101USBS99,0,C,0
EG030101WATM99,0,C,0
EG030101WATW99,0,C,0
EG030102ABGO99,1,C,1
EG030102ABOO99,11,C,37
EG030102COUK99,1,C,0
EG030102CRES99,0,B,0
EG030102EEA99,0,C,0
EG030102KOOR99,0,C,0
EG030102MA99,0,C,0
EG030102RA99,0,C,0
EG030102RAMA99,1,C,1
EG030102SHVN99,0,C,0
EG030102STAR99,1,C,0
EG030102USBL99,0,C,0
EG030103BADEL99,2,C,2
EG030103BADL99,0,B,0
EG030103BADLL99,0,C,0
EG030103BAEL99,0,C,0
EG030103BDEL99,0,C,0
EG030103ERTY99,6,A,13
EG030103MFUR99,0,C,0
EG030103OLIK99,114,A,72
EG030103ROOL99,0,C,0
EG030103UINM99,0,C,0
EG030104BASC99,0,C,0
EG030104BOXS99,0,A,0
EG030104FOLL99,1,C,0
EG030104GAZM99,0,C,0
EG030104STMN99,0,B,0
EG030104TAKZ99,321,A,514
EG030104ZAWG99,0,A,0
EG030106ANTN99,0,C,0
EG030106COMR99,1,C,0
EG030106COVE99,0,C,0
EG030106DOWS99,2,B,2
EG030106EED99,1,C,0
EG030106GZZJ99,0,A,0
EG030106GZZL99,26,B,52
EG030106JHT99,0,C,0
EG030106JOY99,1,C,1
EG030106JT99,0,C,0
EG030106JTY99,0,C,0
EG030106KUY99,19,B,37
EG030106LAMB99,0,C,0
EG030106LAUN99C531,1,C,2
EG030106M2D99,0,C,0
EG030106M3D99,0,C,0
EG030106MATR99,34,B,106
EG030106MAYY99,3,B,4
EG030106MD99,0,B,0
EG030106MKKT99,2,C,3
EG030106MOTT99,0,C,0
EG030106RA99,0,C,0
EG030106RAMD99,0,C,0
EG030106REWD99,0,C,0
EG030106RKAD99,0,C,0
EG030106RLUD99,19,B,112
EG030106RSTN99,1,C,0
EG030106STAG99,728,A,1540
EG030107ACTM99,74,B,158
EG030107ACTM99CONS,0,C,0
EG030107BAKK99,1,C,1
EG030107BATO99,1,C,1
EG030107C0099,1,B,1
EG030107CLAN99,13,C,36
EG030107CLBR99,0,C,0
EG030107CLIN99,0,B,0
EG030107CLVD99,0,C,0
EG030107EASL99,1,C,0
EG030107GVFV99C531,1,C,1
EG030107ICEL99,0,C,0
EG030107MAKN99,311,A,643
EG030107MANS99,0,C,0
EG030107MNJH99,6,C,14
EG030107MSHH99C531,1,C,1
EG030107MTRI99,0,C,0
EG030107RYTU99,7,C,7
EG030107S0099,30,A,89
EG030107SC0099,201,A,511
EG030107TILE99,14,C,63
EG030108ASBN90,0,C,0
EG030108ASBN99,0,C,0
EG030108B120B99,138,A,126
EG030108B12B99,4,C,6
EG030108B160B99,38,A,102
EG030108B16B99,12,B,26
EG030108B180B99,11,A,64
EG030108B18B99,9,C,19
EG030108BAA99,0,C,0
EG030108BAGG99,0,C,0
EG030108BATR99,0,C,0
EG030108BEGI21,0,B,0
EG030108BGPI21,0,C,0
EG030108BIIG21,2,C,3
EG030108BRON99,0,C,0
EG030108CARN99,0,C,0
EG030108CCCC10,1,C,2
EG030108COEE07,0,C,0
EG030108COEE15,0,C,0
EG030108COEE18,0,C,0
EG030108COOO10,0,C,0
EG030108COOO21,0,C,0
EG030108COSH99,1,C,0
EG030108COVE10,2,B,1
EG030108COVE15,2,B,1
EG030108COVE18,0,C,0
EG030108COVE21,0,B,0
EG030108COVV10,1,C,0
EG030108COVV21,0,C,0
EG030108CRSM99,0,C,0
EG030108DA99,0,C,0
EG030108DAA99,1,C,1
EG030108DAF99,0,C,0
EG030108DAFA99,0,C,0
EG030108DF99,0,C,0
EG030108DFF99,1,C,1
EG030108DOFF99,0,C,0
EG030108FA99,0,C,0
EG030108FAA99,0,C,0
EG030108FARW10,1,B,0
EG030108FEA99,0,C,0
EG030108FFA99,0,C,0
EG030108FLBT99,0,C,0
EG030108FQA99,0,C,0
EG030108FRA99,0,C,0
EG030108FSA99,0,C,0
EG030108FTA99,0,C,0
EG030108FWA99,0,C,0
EG030108FYONK99,0,C,0
EG030108G120G99,196,A,311
EG030108G12G99,7,B,24
EG030108G160G99,220,A,468
EG030108G16G99,8,B,23
EG030108G180G99,132,A,169
EG030108G18G99,11,C,24
EG030108GILD10,0,C,0
EG030108GOBL10,4,C,5
EG030108GOBL13,2,C,3
EG030108GOBL21,1,C,2
EG030108GRAY99,0,C,0
EG030108GREY10,1,C,1
EG030108GREY99,0,C,0
EG030108GRYS99,0,C,0
EG030108HJ99,2,C,2
EG030108HLJ99,0,C,0
EG030108KASH26,1,C,0
EG030108KESS99,0,C,0
EG030108LEHF99,0,C,0
EG030108MAFR99,4,C,6
EG030108MAFRSS99,16,A,15
EG030108MAKK99,224,A,313
EG030108MATB99,66,A,119
EG030108MFRS10,0,C,0
EG030108MHD99,0,C,0
EG030108MMTY99,8,A,18
EG030108MNST15,1,C,0
EG030108MORB99,0,C,0
EG030108MTB99,64,A,124
EG030108NAVY99,0,C,0
EG030108NEW10,0,C,0
EG030108O12O99,2,C,3
EG030108O16O99,0,C,0
EG030108O18O99,0,C,0
EG030108OFFW15,0,B,0
EG030108PROT99,0,C,0
EG030108ROKN18,0,C,0
EG030108SATT99,0,C,0
EG030108SHER99,1,C,0
EG030108SOA02,8,B,31
EG030108SOFA02,10,B,30
EG030108SOFRA06,4,A,2
EG030108SOFRA08,2,B,3
EG030108SOFRA60,0,B,0
EG030108SOFRA80,0,C,0
EG030108TOOP99,34,A,55
EG030108TOP99,12,B,42
EG030108W12W99,29,B,50
EG030108W16W99,9,B,26
EG030108W18W99,6,C,6
EG03010WARMR99,0,C,0
EG030201BOLT99,0,C,0
EG030201BRGH99,3,C,11
EG030201COOB99,1,C,2
EG030201FN99,0,C,0
EG030201K2H99,94,A,154
EG030201K3H99,211,A,344
EG030201K3U99,662,A,1165
EG030201KASH99NEW,74,A,184
EG030201KEYC99,0,C,0
EG030201KSFL99,0,C,0
EG030201KSHU99,296,A,510
EG030201KSJH99,3,C,5
EG030201KUSB99,0,C,0
EG030201LAMM99,0,C,0
EG030201LAMS99,0,C,0
EG030201LAMT99,1,A,0
EG030201LHOC99,0,C,0
EG030201LIGG99,0,C,0
EG030201LMPP99,0,C,0
EG030201PORT99,3,B,2
EG030201RMBN99,0,C,0
EG030201RMJN99,0,C,0
EG030201RN99,96,A,153
EG030201RYJI99,1,C,0
EG030201S2G99,170,A,170
EG030201S3G99,0,B,0
EG030201SASH99,0,C,0
EG030201SHOW99,0,C,0
EG030201SOLM99,1,C,1
EG030201TASH99,1,C,1
EG030202KJFD99,0,C,0
EG030301AAIE99,0,C,0
EG030301AKS99,4,C,4
EG030301ASAE99,1,C,1
EG030301ASS99,7,B,31
EG030301COSR99,5,C,19
EG030301DAFK99,0,C,0
EG030301DAHE99,0,C,0
EG030301DFJG99,0,C,0
EG030301HAEE99,1,C,2
EG030301HEET99,0,C,0
EG030301JASR99,6,B,20
EG030301KLUM99,0,C,0
EG030301KUMK99,0,C,0
EG030301MOFF99,41,C,104
EG030301WATK99,2,B,2
EG030301WOND99,1,C,1
EG030302ARCO99,6,C,26
EG030302COFA99,53,A,123
EG030302DOOB99NEW,5,C,15
EG030302MIIN99,2,C,7
EG030302MOKF99,11,C,34
EG030302QEDR99,9,A,3
EG030302SHAF99,43,B,145
EG030302ULTR99,30,A,107
EG030302USSB99,1,C,3
EG030303BRAU99,325,A,686
EG030303BRU99,9,A,6
EG030303CA002,0,C,0
EG030303CHOP99,0,C,0
EG030303DODK99,1,B,0
EG030303DU99,1,B,1
EG030303EBG99,1,C,3
EG030303EFG99,2,B,2
EG030303EJG99,0,C,0
EG030303ELG99,1,C,0
EG030303ENG99,75,A,96
EG030303EOG99,0,C,0
EG030303EQG99,0,C,0
EG030303ERG99,14,B,36
EG030303ESG99,3,C,4
EG030303EUG99,0,C,0
EG030303EZG99,0,C,0
EG030303FALL99,2,C,2
EG030303FALM99,0,C,0
EG030303FILY99,0,C,0
EG030303GAZZ99,0,C,0
EG030303GHSS99NEW,111,A,164
EG030303ICEE99,0,B,0
EG030303JPG99,0,B,0
EG030303JRG99,3,B,7
EG030303JUIC99,0,B,0
EG030303KABA99,0,C,0
EG030303KB1057,0,C,0
EG030303KBAA99,51,A,85
EG030303KC3016,25,B,48
EG030303KC3018,2,C,3
EG030303KD1095,80,A,132
EG030303KD6015,3,C,3
EG030303MAEK99,0,C,0
EG030303MAKS99,0,C,0
EG030303MARW02,0,C,0
EG030303MECH99,0,C,0
EG030303MKWA99,1,C,1
EG030303MSSH99,1,C,2
EG030303MVNB99,0,C,0
EG030303NOKB99,1,B,0
EG030303SHH99,0,A,0
EG030303SHWB99,0,B,0
EG030303SILV99,0,C,0
EG030303SSH99,0,C,0
EG030303TH99,7,B,26
EG030303TRAO99,0,C,0
EG030303TRZZ99,2,C,0
EG030303UYH99,1,A,0
EG030303WASH99,0,C,0
EG030401AAF99,1,C,1
EG030401AFAF99,27,A,104
EG030401AP99,64,A,54
EG030401ASSE99,12,A,13
EG030401B99,0,C,0
EG030401BAAN99,268,A,510
EG030401BBJ99,1,C,0
EG030401BE99,0,C,0
EG030401BEJ99,2,C,1
EG030401BESJ99,2,C,3
EG030401BLEN99,1,C,1
EG030401BMFB99,0,C,0
EG030401BOB99,0,C,0
EG030401BOKH99,321,A,481
EG030401BOTG9,4,C,5
EG030401BRAU99,264,A,869
EG030401BRED99,0,C,0
EG030401CAF99,1,C,2
EG030401CITT99,0,C,0
EG030401CLVL99NEW,29,A,77
EG030401CO99,8,A,19
EG030401COFE99,2,C,5
EG030401COO99,0,C,0
EG030401DP99,3,C,6
EG030401DSPG99,1,C,1
EG030401EIID99,1,B,0
EG030401F99,1,B,1
EG030401FALM06NEW,0,C,0
EG030401FARK99,0,C,0
EG030401FFAA99,0,C,0
EG030401FION99,1,B,0
EG030401G99,216,A,306
EG030401GB99,0,C,0
EG030401GH99,1,C,0
EG030401GR2F99,0,C,0
EG030401GR3F99,0,C,0
EG030401GREF99,0,C,0
EG030401GRIL99C8,2,C,2
EG030401GRIN99,0,C,0
EG030401GRS99,0,C,0
EG030401GRSH99,0,C,0
EG030401GRY99,0,B,0
EG030401HADS99C33,1,C,2
EG030401HANDD99,94,A,201
EG030401HFZZ99,1,B,0
EG030401HNND99,0,C,0
EG030401JAJ99,3,C,4
EG030401JJ99,0,C,0
EG030401KABA99,414,A,974
EG030401KEEN99,437,A,1036
EG030401KJP99,0,C,0
EG030401LUN9,6,B,21
EG030401MADR99C33,0,C,0
EG030401MAHA99,0,C,0
EG030401MARW99,3,C,4
EG030401MEET99,0,C,0
EG030401MLNI99,11,C,86
EG030401NSILS99,0,C,0
EG030401OF2R99,0,C,0
EG030401OF3R99,0,C,0
EG030401OFFR99,0,C,0
EG030401OFWI99,0,C,0
EG030401OZ12G99,3,C,4
EG030401OZ12K99,0,C,0
EG030401OZ16B99,2,C,1
EG030401OZ16G99,2,C,5
EG030401OZ16K99,1,C,1
EG030401OZ18B99,0,C,0
EG030401OZ18G99,0,C,0
EG030401OZ18K99,2,C,3
EG030401PCR99,4,B,5
EG030401PIN99,0,C,0
EG030401PPCR99,19,A,5
EG030401QALL99,0,C,0
EG030401RAAA99,0,C,0
EG030401RAF99,2,C,2
EG030401RAFFF99,0,C,0
EG030401RAQF99,0,C,0
EG030401REDE01NEW,0,C,0
EG030401RFU99,3,C,4
EG030401S1P99,0,C,0
EG030401SALV06,0,C,0
EG030401SE99,0,C,0
EG030401SIDV99,7,A,2
EG030401SKHN99,0,A,0
EG030401SLCR99,9,B,20
EG030401SLIS99,1,B,0
EG030401SLIV06,0,C,0
EG030401SLIV06C531,0,C,0
EG030401SLVV06NEW,0,C,0
EG030401SMAL99,11,A,24
EG030401SP99,2,C,5
EG030401SPP99,3,B,2
EG030401SWP99,3,C,4
EG030401TA4G99,4,B,4
EG030401TAG99,112,A,198
EG030401TASA99,0,C,0
EG030401TGGB99,60,A,99
EG030401TORM99,19,B,44
EG030401TURR99NEW,2,C,3
EG030401WAFF99,0,C,0
EG030401Z16B99,0,C,0
EG030402ATMM99,233,A,269
EG030402ATTK99,0,C,0
EG030402BALH99,0,B,0
EG030402BANAT99,83,A,191
EG030402BATO99,5,C,10
EG030402CHME99,0,C,0
EG030402DESPN99,0,C,0
EG030402EIID99,0,C,0
EG030402FOWS06,0,C,0
EG030402GEHZ99,0,C,0
EG030402KULB99,7,C,14
EG030402LUNC99,1,C,0
EG030402MADK99,0,C,0
EG030402MASM99,1,C,0
EG030402MATB99,0,C,0
EG030402MATD99,1,C,1
EG030402RADS99,0,C,0
EG030402SAFG99,0,C,0
EG030402SOFR99,5,B,13
EG030402SREP99,0,C,0
EG030402SUSG99,2,C,3
EG030402SWSF99,394,A,915
EG030402TEDS99,1,C,2
EG030402TSWS99,89,C,107
EG030402TTET99,0,C,0
EG030402ZZMN99,0,C,0
EG030403ARMO99,0,C,0
EG030403ORGN99,0,C,0
EG030404BATO99,1,C,2
EG030404CUTT99,6,B,9
EG030404PANS99,0,C,0
EG030404TAHM99,0,C,0
EG030501A1D99,0,C,0
EG030501A2D99,1,C,0
EG030501ASLD99,397,A,1067
EG030501BAB99,0,C,0
EG030501BAGG99,0,C,0
EG030501BEG21,0,C,0
EG030501BEGI21,0,C,0
EG030501BGER99,16,A,41
EG030501BUNS99,3,C,4
EG030501CLNA99,587,A,873
EG030501COBB99,0,C,0
EG030501COOO99,1,C,1
EG030501DAFA99,0,B,0
EG030501DOSS99,0,C,0
EG030501DOUS99,0,C,0
EG030501DZZG99,1,C,0
EG030501ENB0099,0,B,0
EG030501ERA99,0,C,0
EG030501FAR10,1,C,0
EG030501FARW10,1,C,1
EG030501FGD99,0,C,0
EG030501GEZZ99,1,C,0
EG030501GHDJ99,0,C,0
EG030501GREY99,0,C,0
EG030501HA0199,5,C,4
EG030501HAWL99,0,C,0
EG030501ISON99,0,C,0
EG030501JJLD99,0,C,0
EG030501JNHB99,0,C,0
EG030501KMJN99,3,B,3
EG030501KXLA99,0,C,0
EG030501LEMN99,0,C,0
EG030501LLA99,0,C,0
EG030501MADF21,7,A,15
EG030501MAFR21,20,A,23
EG030501MAK99,0,C,0
EG030501MBYR99,0,C,0
EG030501MNLD99,39,A,100
EG030501NAB99,1,C,0
EG030501NAMO99,0,C,0
EG030501NAN99,0,C,0
EG030501NAVY99,1,C,0
EG030501NBCD99,4,B,8
EG030501NEWW99,0,B,0
EG030501NILC99,0,C,0
EG030501NOVT99,0,C,0
EG030501OFF15,0,C,0
EG030501OFFW15,0,B,0
EG030501PAA99,0,C,0
EG030501PAVF99,0,C,0
EG030501POP99,0,C,0
EG030501PPD99,84,A,132
EG030501QHKZ99,55,A,129
EG030501SHKZ99,7,B,23
EG030501SIII99,0,C,0
EG030501SILC99,60,A,110
EG030501SILS99,0,B,0
EG030501SSA99,0,C,0
EG030501STIK99,0,C,0
EG030501STRM99,0,C,0
EG030501TOWB99,0,C,0
EG030501TRCV99,75,A,153
EG030501TRRB99,0,C,0
EG030501TSLK99,0,C,0
EG030501TURN99,0,C,0
EG030501TWDG99,1,B,0
EG030501TWGD99,0,C,0
EG030501TWIS99,0,C,0
EG030501UYWS99,48,A,85
EG030501WALK99,0,C,0
EG030501YHRF99,612,A,1019
EG030501YTVC99,0,C,0
EG040101BLAW99,0,C,0
EG040101BOGR99,0,C,0
EG040101BVFD99,2,C,3
EG040101CORN99,0,C,0
EG040101COWN99,311,A,495
EG040101FETI99NEW,17,A,3
EG040101FOJY99,10,C,30
EG040101KEMI99,0,C,0
EG040101KMOI99,0,C,0
EG040101NBGF99,55,A,154
EG040101PHCT99,0,C,0
EG040101UCDY99,132,A,251
EG040101VCDS99,112,A,151
EG040101VMGR99,141,A,211
EG040101XJUY99,0,C,0
EG040101ZOAA99,1,C,1
EG040102IPLL99,1,C,1
EG040102KEME99,1,C,1
EG040102KMDC99,0,C,0
EG040102MTHB99,0,C,0
EG040102YESI99,5,C,18
EG040102YURT99,1,C,1
EG040103JNDC99,0,C,0
EG040103OLIE99,2,C,3
EG040104AWUU99,5,C,11
EG040104DHXG99,164,A,217
EG040104DOWB99,4,C,5
EG040104JNHB99,15,A,13
EG040104JSDC99C531,0,C,0
EG040104PRHD99,0,C,0
EG040104PRHD99C531,0,C,0
EG040104SDEY99,0,C,0
EG040104XCUW99,1,C,2
EG040104XDET99,91,A,166
EG040104XRUI99,1,C,0
EG040104YHUJ99,0,C,0
EG040104ZXTQ99,0,C,0
EG040105EYSI99,2,C,4
EG040105JNBF99,1,C,1
EG040105KMGV99,112,A,153
EG040105MBRE99,5,B,19
EG040105QUUY99,4,C,4
EG040105ROKB99,279,A,347
EG040105SXBT99C531,1,B,1
EG0401070011,0,C,0
EG040107ACBV99,0,C,0
EG040107AZMB99,6,C,16
EG040107AZMN99,324,A,659
EG040107BACK99,0,C,0
EG040107BGHS99,8,B,12
EG040107BOTY99,0,C,0
EG040107BS0699,0,C,0
EG040107CDEW99,1,B,1
EG040107CFBB99,208,A,427
EG040107CVBB99,5,C,9
EG040107ERMI99,0,C,0
EG040107FB0699,0,C,0
EG040107GVFC99,0,C,0
EG040107HEGA99,2,C,1
EG040107ICCU99,1,C,1
EG040107JNHB99,0,C,0
EG040107JNTR99,0,C,0
EG040107JNWE99,0,C,0
EG040107JSGD99,1,C,1
EG040107KNEA99,199,A,310
EG040107KORS99,1,C,0
EG040107KS0099,0,C,0
EG040107LTVQ99,0,A,0
EG040107NEEE99,0,C,0
EG040107NF0699,0,C,0
EG040107NUBL99,6,C,20
EG040107SBJH99,3,C,4
EG040107SHOE99,3,B,5
EG040107SKZH99,0,C,0
EG040107STEY99,2,C,3
EG040107SWSW99,1,C,0
EG040107SYTW99,4,C,8
EG040107TSJD99,8,C,7
EG040107WEYD99,0,C,0
EG040107WYTT99,5,C,9
EG040108AWUU99,710,A,1158
EG040108BLUE99,4,C,4
EG040108GVFC99,1,C,1
EG040108HBGV99,1,C,2
EG040108KMBW99,2,C,3
EG040108KMJN99,2,B,4
EG040108MEIY99,0,C,0
EG040108MSGE99,1,B,1
EG040108SGET99,0,C,0
EG040108SMMA99,0,C,0
EG040108WUQU99,9,B,12
EG040109EYBS99,19,A,65
EG040109SMIL99,0,C,0
EG04010DYSON99,3,B,2
EG040110KMTY99,1,C,1
EG040301FLOR99,0,C,0
EG040301KMPB99,0,C,0
EG040301LARE99,0,C,0
EG040301MFST99,0,C,0
EG040301MT0099,0,C,0
EG040302ARSI99,0,C,0
EG040302BABW99,0,C,0
EG040302BLSC99,0,C,0
EG040302EYRU99,6,C,13
EG040302MYYA99,2,B,9
EG040303ACNR99,0,C,0
EG040303AUTH99,0,C,0
EG040303CHAIR99,1,C,0
EG040303CHIN99,4,C,6
EG040303EYYY99,5,C,3
EG040303HOYG99,644,A,1106
EG040303MILL99,5,C,11
EG040303MKFC99,5,B,6
EG040303NAEL99,3,C,6
EG040303QJFR99,0,C,0
EG040303RETI99,1,C,2
EG040303ROLL99,0,C,0
EG040303RTUJ99,0,C,0
EG040303SNAL99,0,C,0
EG040303SOCK99,1,C,1
EG040303TURM99,5,B,13
EG040303TWYU99,357,A,693
EG040303VEIN99,11,C,55
EG040304AHHJ99,1,C,0
EG040304ASNM99,0,B,0
EG040304COCO99,0,C,0
EG040304COLA99,0,C,0
EG040304GARI99,7,C,8
EG040304GVFC99,0,C,0
EG040304HCCI99NEW,0,C,0
EG040304JAYS99,19,C,34
EG040304JDUY99,782,A,1136
EG040304KSSS99,4,C,6
EG040304MASK99,1,C,2
EG040304MASS99,24,A,42
EG040304OILE99,0,C,0
EG040304OKUH99,6,B,12
EG040304RESE99,3,C,3
EG040304ROSH99,2,C,3
EG040304TEYS99,5,C,9
EG040305CONT99,1,C,0
EG040305MIPP99,0,C,0
EG040401BIKI99,1,C,2
EG040401DOLI99,0,C,0
EG040401ETER99,8,C,24
EG040401ROSE99,1,C,2
EG040501ACNR99,0,C,0
EG040501BL0599,1,C,1
EG040501BLUE99,17,B,57
EG040501BVGR99,1,C,2
EG040501CARE99,842,A,1893
EG040501COSE99,0,C,0
EG040501DK0699,0,C,0
EG040501FFUR99,0,C,0
EG040501FOUR99,0,C,0
EG040501GELI99,3,C,2
EG040501HNGB99,2,C,7
EG040501IUNB99,6,C,10
EG040501IUYT99,1,B,1
EG040501KMUY99,285,A,499
EG040501MALT99,0,C,0
EG040501MC0099,1,C,0
EG040501MILI99,0,C,0
EG040501MSBE99,0,C,0
EG040501OTOI99,0,C,0
EG040501OTOM99,1,C,0
EG040501POIU99,70,B,137
EG040501RTOL99C531,0,C,0
EG040501SACK99,1,C,1
EG040501SGET99,8,C,21
EG040501TTTT99,0,C,0
EG040501VBNM99,1,C,0
EG040501VFDE99,0,C,0
EG040501VREW99,7,C,13
EG040501ZMMN99,9,C,26
EG040501ZXCV99,4,C,3
EG050101ADAPC99,80,B,127
EG050101BCSB99,1,C,1
EG050101BOMA99,0,C,0
EG050101BUND99,10,C,35
EG050101CAMA99,189,A,278
EG050101CAML99,11,B,30
EG050101CANE99,0,B,0
EG050101CARB99,2,C,2
EG050101CFBB99,0,B,0
EG050101CFBG99,6,B,7
EG050101COMPD99,0,C,0
EG050101COPN99,2,C,3
EG050101COPO99,0,C,0
EG050101COVE99,0,C,0
EG050101COVS99,0,C,0
EG050101CPAA99,14,B,48
EG050101CR0099,0,C,0
EG050101CX21999,5,B,8
EG050101DAWA99,0,C,0
EG050101DAWM99,1,B,0
EG050101DED002,0,C,0
EG050101ELGG99,1,B,0
EG050101ELQI99,89,A,181
EG050101ENQA99,0,C,0
EG050101EZR099,1,C,2
EG050101FW0099,0,C,0
EG050101GAML99,0,C,0
EG050101GOST99,17,C,54
EG050101LEFL99,0,C,0
EG050101LEGU99,0,C,0
EG050101LEWI99,1,C,0
EG050101MAAS99,1,C,1
EG050101MAKN99NEW,753,A,1551
EG050101MAMO99,4,A,18
EG050101MASK99,1,C,2
EG050101MASN99,256,A,331
EG050101MOKA99,4,C,5
EG050101MOKO07,1,C,0
EG050101MONZ99,8,C,24
EG050101POWC99,9,A,11
EG050101PR0099,0,C,0
EG050101RASGA99,225,A,307
EG050101RGBB99,0,C,0
EG050101RSPS99,2,A,0
EG050101STHE99,0,C,0
EG050101TAFA99,1,C,2
EG050101TAKKF99,2,C,4
EG050101WEMA99,96,A,197
EG050101XTCO99,199,A,280
EG050102C12V24,3,C,5
EG050102CABL99,1,C,0
EG050102COKA99,1,C,2
EG050102COMP99,0,C,0
EG050102COOO99,0,C,0
EG050102COOP99,3,A,1
EG050102LEDM99,0,C,0
EG050102MMZE99,82,B,216
EG050102MOFT99,0,C,0
EG050102MOZL99,227,A,344
EG050102NEWW99,0,C,0
EG050102SAAD99,4,C,16
EG050102SADA99,1,C,0
EG050103CAHO99,0,C,0
EG050103HAML99,0,C,0
EG050103HOTO99,1,C,1
EG050103MAGH99,2,C,5
EG050104AB0099,0,C,0
EG050104LIGH99,0,C,0
EG050104TSPC99,0,C,0
EG050105DNRC99,1,C,2
EG050105DVRC99,145,A,248
EG050105LEED99,0,C,0
EG050105LQID99,28,B,102
EG050105SCSM99,5,C,14
EG050106BUND99,1,C,1
EG050106CMVC99,0,C,0
EG050106CVLC99,0,C,0
EG050106CWR099,0,C,0
EG050106DUPL99,6,C,18
EG050106FW0099,164,A,135
EG050106HUQD99,50,B,93
EG050106SAFIN99,1,B,1
EG050106SAFN99,3,C,12
EG050106SP0099,18,A,48
EG050106SSFN99,64,A,173
EG050106TL0099,1,C,0
EG050201AWMA99,1,C,0
EG050201BLAK99,3,C,5
EG050201BOXM99,0,C,0
EG050201NETF99,4,C,8
EG050201PALIS99,3,C,4
EG050201PINK99,1,C,0
EG050201QOXM99,0,C,0
EG050201SA1014,0,C,0
EG050201SA1114,0,C,0
EG050201SBT99,2,C,3
EG050201SCOO99,6,C,11
EG050201STEE99,0,C,0
EG050201TTCN99,3,C,5
EG050202GEHL99,0,C,0
EG050202PEDD99,0,B,0
EG050202PQDD99,4,C,3
EG050202SLGB99,5,B,17
EG050202SMS99,0,C,0
EG050301AA0099,0,C,0
EG050301AHTU99,1,C,2
EG050301AMOS99,0,B,0
EG050301ARNO99,0,C,0
EG050301ASAL99,5,C,7
EG050301ASFR99,0,C,0
EG050301BA0099,0,C,0
EG050301BATTE99,1,C,1
EG050301BMAM99,1,C,0
EG050301BNAA99,3,C,3
EG050301BOBI99,0,C,0
EG050301BPB99,4,C,10
EG050301DORON99,2,C,3
EG050301FAFF99,1,C,1
EG050301FANN99,0,C,0
EG050301GUNN99,0,C,0
EG050301HAAZ99,0,C,0
EG050301KHAZ99,1,C,1
EG050301KOSP99,0,C,0
EG050301KOSP99C531,1,B,0
EG050301KOSP99CONS,1,C,0
EG050301LADA99,3,C,3
EG050301LBOB99,1,C,0
EG050301LCDB99,0,C,0
EG050301MABL99,33,A,57
EG050301MARW99,31,B,55
EG050301MFC99,4,C,6
EG050301MFCN99,4,B,18
EG050301MISI99C442,1,C,0
EG050301MMSS99,0,C,0
EG050301NTAT99,22,B,49
EG050301PAMM99,1,C,0
EG050301PAPA99,0,C,0
EG050301PAPQ99,0,C,0
EG050301PILI99,0,C,0
EG050301PMSF99,0,C,0
EG050301PMZZ99,0,C,0
EG050301POMA99,0,C,0
EG050301PP0099,1,C,0
EG050301PRAR05,0,C,0
EG050301PRAR08,0,C,0
EG050301PROR99,1,C,0
EG050301RAYA99,14,B,31
EG050301SABO99,1,C,1
EG050301SLBM99,1,C,2
EG050301SLGK99,2,C,3
EG050301SLSC99,1,C,1
EG050301SLSM99,1,C,2
EG050301SLVM99,0,C,0
EG050301TYRA99,3,C,7
EG050301UUTU99C442,0,C,0
EG050301WAGN99,1,C,2
EG050301WASN99,1,C,3
EG050302BACL99,4,C,6
EG050302FUNN99,0,C,0
EG050302MALA99,0,C,0
EG050401ALAM99,5,C,7
EG050401DAAN99,0,C,0
EG050401DAHN99,0,C,0
EG050401DRLO99,1,C,1
EG050401ERME99,5,B,4
EG050401GELO99,0,C,0
EG050401GENN99,0,C,0
EG050401GEOO99,14,A,34
EG050401KABL99,0,B,0
EG050401KALE99,1,C,0
EG050401KARA99,1,C,0
EG050401LAHA99,2,C,1
EG050401LASK99,23,C,53
EG050401LASQ99,1,C,1
EG050401LLHA99,68,A,100
EG050401LOQ099,0,C,0
EG050401MALO99,1,B,0
EG050401MFAK99,0,C,0
EG050401MOUL99,13,B,30
EG050401MPNV99,5,B,4
EG050401MSE99,1,C,1
EG050401NMBW99,3,C,4
EG050401SHEN99,0,B,0
EG050401SHIN99,217,A,483
EG050401SPRO99,0,C,0
EG050401SWAL99,12,C,32
EG050401TAKM99,0,C,0
EG050401TFBC99,61,B,124
EG050401TOPO99,0,C,0
EG050401TOTO99,0,C,0
EG050401ZMF99,0,C,0
EG050402BUND99,0,C,0
EG050402CRBA99,0,C,0
EG050402CY0099,0,C,0
EG050402DSTO99,2,C,3
EG050402DWTS99,0,C,0
EG050402FATA99,0,C,0
EG050402INSH99,1,C,1
EG050402JVC99,0,C,0
EG050402MASM99,1,C,0
EG050402MONS99,5,B,17
EG050402NQ0099,117,A,301
EG050402NS0099,0,B,0
EG050402NWMA99,0,C,0
EG050402PBEQ99,4,C,6
EG050402POWR99,3,C,3
EG050402SBTB99,40,A,42
EG050402SBTS99,70,A,179
EG050402SHGE99,0,C,0
EG050402STBB99,210,A,345
EG050402TOMI99,3,B,7
EG050402TOOL99,1,C,1
EG050402TOQT99,2,C,2
EG050402XL0099,1,C,1
EG050501BANDA99,3,C,5
EG050501BFBA99,3,C,4
EG050501BTP99,0,C,0
EG050501BYTT99,9,B,33
EG050501KWAR99,1,C,1
EG050501SGAD99,4,C,8
EG050502AZBO99,0,C,0
EG050502AZGI99,1,C,0
EG050502BABB99,0,C,0
EG050502BBS99,12,C,28
EG050502BCHS99,1,B,1
EG050502BMCS99,75,A,106
EG050502BPCL99,0,B,0
EG050502CHBA99,3,B,2
EG050502DBBS99,5,B,8
EG050502HAMI99,1,C,1
EG050502HOSAN99,1,C,0
EG050502KOMZ99,0,C,0
EG050502LSEH99,83,A,145
EG050502NASR99,0,C,0
EG050502PBNP99,0,C,0
EG050502PUMP99,0,C,0
EG050502SHYA99,0,C,0
EG050601ABAA99,0,C,0
EG050601CABA99,87,A,145
EG050601CACH99,0,C,0
EG050601CALC99,0,C,0
EG050601CAPA99,6,B,14
EG050601COLO99,0,C,0
EG050601ICER0099,1,C,0
EG050601MQLA99,5,C,13
EG050601PENC99,5,A,14
EG050601PROJ99,0,C,0
EG050601SHAN0099,1,C,0
EG050601TERB0099,0,C,0
EG050601WACO99,4,C,5
EG050601ZAMZ0099,1,C,0
EG0507013SB099,637,A,1394
EG050701AP99,0,C,0
EG050701BBFH99,0,C,0
EG050701BFD99,0,C,0
EG050701BGFH99,0,C,0
EG050701BMRM99,0,C,0
EG050701BNNN99,1,C,0
EG050701BOWA99,12,B,42
EG050701BOWM99,2,C,3
EG050701BRS99,1,C,2
EG050701BSAC99,2,C,0
EG050701BSCB99,0,C,0
EG050701BSSP99,2,C,6
EG050701BTBB99,0,C,0
EG050701BUUU99,2,C,3
EG050701BYKO99,13,C,36
EG050701CABA99,37,B,96
EG050701CABB99,0,C,0
EG050701CDB99,11,B,34
EG050701CPMA99,0,C,0
EG050701CVB99,78,A,174
EG050701DCBC99,0,C,0
EG050701FFOO99,215,A,517
EG050701FOTA99,363,A,970
EG050701FWAA99,3,B,7
EG050701FWSP99,2,A,1
EG050701HDNA99,0,C,0
EG050701KOSP99,0,C,0
EG050701MABA99,0,C,0
EG050701MBKB99,0,C,0
EG050701MBKS99,0,C,0
EG050701MDLM99,20,A,57
EG050701MGNC99,0,C,0
EG050701MMZE99,51,A,96
EG050701MOZL99,329,A,348
EG050701MPGW99,0,B,0
EG050701MPPV99,0,C,0
EG050701MTWG99,0,C,0
EG050701NVBS99,0,C,0
EG050701PEPI99,0,C,0
EG050701PW0099,0,C,0
EG050701SHBR99,123,A,343
EG050701SPST99,0,C,0
EG050701SRNG99,0,C,0
EG050701STKH99,0,C,0
EG050701TSB99,396,A,783
EG050701WELD99,0,C,0
EG050701WEQA99,1,C,1
EG050701WGBB99,0,C,0
EG050701WGBC99,0,C,0
EG050701WGBP99,0,C,0
EG050701WGBQ99,0,C,0
EG050701WGVB99,0,C,0
EG050801KAMM99,1,C,0
EG050801PURSH99,0,C,1
EG050901BORKN99,1,C,1
EG050901DAGI99,0,C,0
EG050901FADA99,0,C,0
EG050901FADD99,0,C,0
EG050901FFDD99,0,C,0
EG050901FFDF99,0,B,0
EG050901FWAH99,0,C,0
EG050901HSN99,0,C,0
EG050901KORS99,13,A,7
EG050901NEHO99,1,C,1
EG050901OH0000,1,C,1
EG050901OH0099,1,C,1
EG050901OHSB99,2,C,1
EG050901SJAD99,3,C,3
EG050901TABA99,0,C,0
EG050901TAWA99,0,C,0
EG050901YH0099,0,C,0
EG051001FRDD99,11,B,8
EG051001KASM99,0,C,0
EG051001KORS99,5,C,6
EG051001UM0099,0,C,0
HA0101,15,A,5
HA0153,0,C,0
HA0165C1,0,C,0
HA0167C1,6,C,9
SE0105,234,A,425
0201050004,1,C,0
020401AW2642,1,C,0
030101DD0099,0,C,0
030101FW0099,0,C,0
030101HC0099,0,C,0
030101KSLA99,0,C,0
030101MED099,0,C,0
030101RFS0099,0,C,0
030104R36099,0,C,0
030108DW0005,1,C,0
030402TLRK99,0,C,0
033CD099,0,C,0
03DCF816,1,C,0
03DONU99,0,C,0
03HTMS99,0,C,0
03MSMSMB,0,B,0
03MUCU99,0,C,0
03SWS1P99,1,C,1
03TATB99,0,C,0
03YYD218,0,C,0
040103SC0099,1,C,0
040107CH0099,1,C,0
040108NM0099,0,C,0
040301EA0099,0,C,0
040301EGTU53,0,C,0
040305KS0099,0,C,0
040501TI0099,1,C,0
04FP0099,1,C,0
04FSA0I3,0,C,0
04FSFK99,0,C,0
04MC0499,0,C,0
04SC0499,0,C,0
04SFMH99,0,C,0
04SVSW99,1,C,1
04WUAC99,0,C,0
04XN8030,0,C,0
04YFFBFH,2,C,2
050101CHFC99,1,C,0
050101FIES99,0,C,0
050106GAYP99,0,C,0
050301SA0099,0,C,0
050301WT0099,0,C,0
050302GE0099,1,C,0
050601BE0007,0,C,0
06PETG99,1,C,0
06QAAC02,66,B,273
07DHVF99,1,C,1
07MCFM99,0,C,0
08BCTT99,0,C,0
EG010101BBOL99C33,0,C,0
EG010101X7PP06,1,C,0
EG010102RENG000,1,C,1
EG010103OW0000,1,C,1
EG010106ALRMD000,3,C,6
EG010106AQUD99,0,C,0
EG010106AQZY99,0,C,0
EG010106BSPR99,0,C,0
EG010106MLKF99,5,C,11
EG010301LD6M99,0,C,0
EG010301MK19000,21,B,38
EG010302S8000,0,B,0
EG010302TABA8000,0,C,0
EG010303WFLCD00,37,A,34
EG01030K717700,4,C,11
EG01030M5625000,5,B,4
EG01030M5626000,0,B,0
EG010401MS0000,0,C,0
EG010401RAD0200,4,C,4
EG010401RAD0300,4,C,4
EG010401XRX720,39,B,71
EG010502BS0000,13,C,63
EG010503ZALG99,0,C,0
EG010503ZBYR99,0,C,0
EG010601BJ0000,1,C,0
EG010601X2ALAD00,0,C,0
EG01060X2CAMX500,43,B,113
EG01060X2X336000,200,A,291
EG010702AAPL99,0,C,0
EG020103DQ2899,0,C,0
EG020105MC0302,0,C,0
EG020105MC0602,0,C,0
EG0205010006,0,C,0
EG020501DF0014,1,C,0
EG020502BB0007,1,C,0
EG030101SAKK99C33,0,C,0
EG030102KJHL45,1,C,0
EG030103FVDC99,0,C,0
EG030104HHFG,76,A,195
EG030104MOTA99,1,C,0
EG030104MSWG99,8,A,2
EG030106FGY99,1,C,1
EG030106LAUN99,2,C,3
EG030106PROT99,1,C,2
EG030106RD99,0,C,0
EG030107MSHF99C39,0,C,0
EG030108BGOF15,0,C,0
EG030108GILD21,0,C,0
EG030108MFRS21,0,C,0
EG030108SOFRA88,0,C,0
EG030201III99,15,C,59
EG030201KAHS99,11,C,39
EG030201KSSV99,0,C,0
EG030201LANM99,0,C,0
EG030201MASS99,0,C,0
EG030201SENK99,0,C,0
EG030201ZENA99,1,A,0
EG030301AA99,7,C,10
EG030302ARNE99,41,B,123
EG030302COLU99,1,C,1
EG030302MIFF99,1,C,1
EG030302SONI99,0,C,0
EG030303AIRD99,1,C,0
EG030303FRYI99,0,C,0
EG030303MALH99,1,C,0
EG030303MARW03,1,C,0
EG030303OUTM99,0,C,0
EG030303U1S99,0,C,0
EG030304SAKI99,0,C,0
EG030401JP99,0,C,0
EG030401MOAK99,0,C,0
EG030401NEWS99,0,A,0
EG030401RAFF99,0,C,0
EG030401RAR99,0,C,0
EG030401RF99,0,C,0
EG030401SN99,13,A,9
EG030401TA5G99,0,C,0
EG030402CLSH99,0,C,0
EG030402MERW99,1,C,0
EG030402SALA99,1,C,0
EG030402SPKL99,0,C,0
EG030402STANL99,1,C,1
EG030402TREN99,0,C,0
EG030404OISP99,0,C,0
EG030501B5P99,3,C,5
EG030501BHKG99,0,C,0
EG030501BXOD99,0,C,0
EG030501GZMO99,1,C,0
EG030501KH99,0,C,0
EG030501KHA99,0,C,0
EG030501MNBV99,0,C,0
EG030501OGGG15,6,B,20
EG030501SSSS99,0,C,0
EG030501VCFD99,0,C,0
EG030501WAPR99,0,C,0
EG040101BLLW99,0,C,0
EG040101CDER99,0,C,0
EG040101SHAV99,16,C,47
EG040101VGRE99,0,B,0
EG040104GVFC99,0,C,0
EG040104QDHR99C531,0,C,0
EG040107BS0599,0,C,0
EG040107BSME99,0,C,0
EG040107TU0999,0,C,0
EG040108GREN99,2,C,2
EG040108GUNE99,0,C,0
EG040108HGEW99,332,A,181
EG040108JNHB99,4,C,8
EG040108MAEG99,0,C,0
EG040108TMUSG99,0,C,0
EG040110FCDX99,0,C,0
EG040110HBGV99,1,C,0
EG040110LAEL99,0,C,0
EG040301EMIL99,0,C,0
EG040301KOLK99,0,C,0
EG040303CHRN99,0,C,0
EG040303GFGG099,0,C,0
EG040303SNAI99,4,C,9
EG040303VCDS99,6,C,10
EG040501AHLP99,0,C,0
EG040501JNWE99,2,C,2
EG040501KRSH99,2,C,2
EG040501LASK99,0,C,0
EG040501LAVD99,0,C,0
EG040501OKAZ99,0,C,0
EG040501PLOK99C531,0,C,0
EG040501SPWE99,0,C,0
EG040501VCDS99,1,C,1
EG050101AA0099,1,C,0
EG050101BOWA99,0,C,0
EG050101ELGU99,0,C,0
EG050101FETE99,0,C,0
EG050101FSFO99,0,C,0
EG050101HAES99,4,C,10
EG050101LEEF99,0,C,0
EG050101MAWA99,6,C,22
EG050101MKNF99,25,B,40
EG050101SDAD01,0,C,0
EG050101SDAD02,0,C,0
EG050101SDAD10,5,C,21
EG050102NEWN99,0,C,0
EG050103MASH99,0,C,0
EG050105DNRP99,5,B,4
EG050201TAKW99,1,C,0
EG050301ATYL99,0,C,0
EG050301DISK99,0,C,0
EG050301KHEMA99,1,C,1
EG050301SHIK99,0,C,0
EG050301TABL99,0,C,0
EG050301WBWG99C531,0,C,0
EG050301WINGG99,1,C,2
EG050302WB0099,1,C,0
EG050402SBIS99,6,B,14
EG050402SBSK99,5,C,9
EG050402SHJL99,0,C,0
EG050402TOCT99,0,C,0
EG050402TTOO99,0,C,0
EG050501BENT99,1,C,0
EG050501PLAT99,1,C,3
EG050501WELD99,1,C,0
EG050601CMAR0099,1,C,0
EG050701BENT99,1,C,0
EG050701BMOL99,3,C,5
EG050701BMPB99,109,A,238
EG050701BMPT99,0,C,0
EG050701BMRN99,657,A,1496
EG050701BTSH99,0,C,0
EG050701BUNL99,0,C,0
EG050701DMTF99,225,A,528
EG050701DVRC99,4,C,7
EG050701PAST99,1,C,2
EG050701PSMG99,0,C,0
EG050701SAYA99,0,C,0
EG050701SHCA99,0,C,0
EG050701STST99,0,C,0
EG050701TABB99,0,C,0
EG050701VARAF99,0,C,0
EG050701WBSP99,0,C,0
EG050801CAQO99,0,C,0
EG050801DOQO99,0,C,0
EG050901GBV99,1,C,0
EG050901JILY99,0,C,0
EG051001HAZA99,1,C,0
EG051001SHAC99,3,C,3
EG051002BESW99,0,C,0
010101FK8806,0,C,0
010101T55S12,1,C,0
020401BB2635,1,C,0
020403TS0099,1,C,0
030101MO0007,1,C,0
030102LD0099,0,C,0
030104UN0099,0,C,0
030402101E99,0,C,0
03DSPAK0,1,C,1
03RSCS06,25,B,62
03SWS4P99,0,C,0
040107MA0099,1,C,0
040501BN0099,0,C,0
043FSK99,0,C,0
044XLX99,0,C,0
04BZ3562,4,C,9
04FSA099,0,C,0
04MC0299,1,C,0
04SC0699,1,C,0
050101MASK01,1,C,0
050101MASK99,1,C,0
050202SHAk99,1,C,0
050401PENN99,1,C,0
050501INFA99,1,C,0
07MFWL99,1,C,0
EG010101Z36S06,1,C,0
EG010106NFCT99,1,C,1
EG010106PK71000,1,C,2
EG010301NDDP99,0,C,0
EG010301R36W200,0,C,0
EG010302A9PRO0000,0,C,0
EG010401RABT73300,0,C,0
EG010401RX80800,13,C,68
EG010402CAMRE000,9,A,7
EG010503PROO99,1,C,0
EG010504AJDI99,0,C,0
EG010601GPSCH000,0,C,0
EG020103BQ3599,1,C,0
EG020103M3599,1,C,2
EG020103UQ2799,0,C,0
EG020103XQ2799,0,C,0
EG020114AOH99,0,C,0
EG020114AZSW99,1,C,1
EG020114BLACK99,0,C,0
EG020114BRWOH99,0,C,0
EG020114BRWON99,2,C,1
EG020114BURG99,0,C,0
EG020114NEVY99,0,C,0
EG020114PQAW99,1,B,0
EG020114QWCV99,2,C,2
EG020114QWMF99,0,C,0
EG020114VRMK99,1,C,0
EG020114WITE99,0,C,0
EG020114XDWE99,0,C,0
EG020114XSJHK99,1,C,0
EG02011QWBV99,1,C,0
EG020403RAIN0499,3,C,4
EG020506DF0014,1,C,0
EG020506FC0005,1,C,0
EG020506SM0002,1,C,0
EG0205BVET99,0,C,0
EG0205GFTO99,0,C,0
EG0205ZAPL90,0,C,0
EG030101GERK99,1,C,0
EG030101MAGGN99,0,C,0
EG030101MOTT99C531,0,C,0
EG030101SCSR99,1,C,0
EG030102ESTC99,0,C,0
EG030102LAED99,1,C,0
EG030102QURA99,1,C,0
EG030103LAZY99,0,C,0
EG030104SILC99,1,C,0
EG030105LEVS99,1,C,0
EG030106BSAK99,0,C,0
EG030106MRKJ99,0,C,0
EG030107ACTMB99,0,C,0
EG030107BASL999,29,C,87
EG030107CLEN99,4,B,5
EG030108BATH99,1,C,0
EG030108CARP17,4,C,10
EG030108CARP18,0,C,0
EG030108COEE21,0,C,0
EG030108GILD15,0,C,0
EG030108MLAYA99,0,C,0
EG030201HASO99,0,C,0
EG030201RANG99,0,C,0
EG030201RMJI99,0,C,0
EG030301ADA99,4,B,12
EG030301ALS99,5,C,10
EG030302BANK99NEW,5,C,21
EG030302MAKO99,1,C,1
EG030302QED2R99,1,C,2
EG030303MARW05,1,C,0
EG030303WALA99,1,C,1
EG030401AAAF99,0,C,0
EG030401BGZZ99,1,C,2
EG030401D2P99,60,C,108
EG030401OZ12B99,2,C,1
EG030401ROLA99,1,C,1
EG030401S2P99,2,C,3
EG030401TA6G99,5,C,16
EG030402CLOS99,14,B,94
EG030402ICEC99,1,C,1
EG030402LB0099,1,C,0
EG030402SHHH99,1,C,1
EG030403HGA99,0,C,0
EG030404COFF99,1,C,1
EG030404STAR99,6,A,3
EG030501AKSF99,0,C,0
EG030501AWH99,1,C,0
EG030501FIZZ99,0,C,0
EG030501FKJI99,5,C,4
EG030501IOXC99,0,C,0
EG030501LAMS99,0,C,0
EG030501LKMN45,0,C,0
EG030501MNBC99,1,C,2
EG030501SSS99,0,C,0
EG030501UYBV99,0,C,0
EG040101CXDS99,0,C,0
EG040101SXJH99,5,B,15
EG040104EWCX99,2,C,3
EG040107BF0699,1,C,0
EG040107BVWP99,12,A,36
EG040107NF0599,1,C,0
EG040107VFCD99,4,C,6
EG040107WAQD99,1,C,1
EG040108MSAG99,1,C,0
EG040109VCEW99,136,A,287
EG0403015DMG99,0,C,0
EG040301MIHT99,1,C,2
EG040303ZMNB99,0,C,0
EG040304VCWE99,4,C,5
EG040401BVFD99,4,C,6
EG040501BX0699,2,C,3
EG040501CSXE99,327,A,575
EG040501NHBG99,2,C,3
EG040501ROSS99,0,C,0
EG040501RTUI99,1,C,1
EG040501TRCX99,1,C,1
EG040501TREW99,0,C,0
EG040501UIRT99,0,C,0
EG040501WSRT99,6,C,16
EG040501YEFL99,0,C,0
EG050101MAKN99,3,C,4
EG050101MEMM99,0,C,0
EG050101MOKO21,1,C,0
EG050101MTLC99,1,C,0
EG050102MLED99,1,C,0
EG050103VIDV99,1,C,0
EG050106BINBG99,5,C,9
EG050201AM0099,0,C,0
EG050201AQMA08,0,C,0
EG050201BASK99,1,C,0
EG050202GWBM99,1,B,1
EG050301AMKB99,22,C,63
EG050301EIST99,5,A,1
EG050301ELRT99,1,B,0
EG050301FASP99,2,C,2
EG050301NAFF99,0,C,0
EG050301NATT99,0,C,0
EG050301WARA99,0,C,0
EG050401SHRO99,1,C,0
EG050401TTO99,0,C,0
EG050402JUC99,219,A,317
EG050402PLOO99,0,C,0
EG050402PRTD99,1,B,0
EG050402SARO99,0,C,0
EG050402TLLS99,0,C,0
EG050501NAM05,1,C,0
EG050501NAM19,1,C,1
EG050502AZRQ99,0,C,0
EG050502PBBP99,0,C,0
EG050502SSBT99,1,C,0
EG050701AD0099,1,C,0
EG050701BAFA99,2,C,3
EG050701BBPB99,0,C,0
EG050701BSOO99,0,C,0
EG050701BWGP99,1,C,2
EG050701DFD99,2,C,2
EG050701FETB99,1,C,1
EG050701FWAN99,136,A,387
EG050701LASK99,0,C,0
EG050701MMCS99,0,C,0
EG050701MOIW99,0,C,0
EG050701MSZE99,1,C,2
EG050701MTB99,0,C,0
EG050701PEPS99,1,C,0
EG050701PEPT99,0,C,0
EG050701SAAR99,0,C,0
EG050701TTAT99,61,A,207
EG050701WALA99,1,C,1
EG0507MAWA99,16,A,41
EG050801TL0099,0,C,0
EG30101NAMG99,1,C,0
SC0161B1,1,C,0
010101K88P06,0,C,0
020301DQ3546,1,C,0
02THF2I1,0,C,0
030101OGR099,1,C,0
030101RH6199,3,C,5
030108DW0007,1,C,0
035ST099,0,C,0
03CC2IN1,1,C,0
03MKBS99,8,C,28
03MOP3I1,3,C,4
03REMT99,7,A,32
03SWS6P99,0,C,0
03WASF99,15,C,58
040107HACP99,1,C,0
04CH8028,2,C,2
050102M50099,1,C,2
050201TRAI99,1,C,0
050301BUIL99,1,C,0
050301MTE399,1,C,0
050301PAND99,1,C,0
050301RA0099,1,C,0
050301SK0099,1,C,0
050302la0099,1,C,0
050401EN0099,1,C,0
050401MULT99,1,C,0
050401TB0099,1,C,0
050501MO0099,1,C,0
050502CLEV99,1,C,0
07DHVF99C531,1,C,0
EG010101CN0000,1,C,2
EG010101I7MP12,1,C,0
EG010101SUS000,15,B,48
EG010102POB22000,0,C,0
EG010106ABNB99,0,C,0
EG010106MIFI000,3,C,6
EG010301AVOY99,0,C,0
EG010301KJQI10,2,C,16
EG010301NDPW02,0,C,0
EG010302LTABT8S000,4,C,3
EG010302T9643000,7,C,28
EG010302TA17PRO000,32,B,160
EG010503YS0000,2,C,4
EG010503ZPYR99,0,C,0
EG010601BPB000,8,C,12
EG010601X2TS800,0,C,0
EG010604KPROJ000,2,B,0
EG01060R2X321000,0,C,0
EG020103ZQ2999,1,C,0
EG020105MC0502,1,C,2
EG030101AALK99,1,C,0
EG030101GHLA99,1,C,0
EG030101QTSL99,3,C,4
EG030102LKJI44,0,C,0
EG030102SETR99,1,C,0
EG030103AAAA99,0,C,0
EG030104HAQA99,4,B,9
EG030104HGFA99,4,C,8
EG030104HOA99,80,B,212
EG030104LA99,2,C,3
EG030104LFA99,16,B,71
EG030104SHMT99,1,C,0
EG030106MMMM99,2,C,4
EG030107J3G99,83,B,174
EG030107KASS99,0,C,0
EG030107MSHH99,3,C,4
EG030107NMON99,0,C,0
EG030107SASA99,0,A,0
EG030108BUND99,0,C,0
EG030108INTBG99,4,C,16
EG030108INTGR99,3,C,4
EG030108INTOF99,5,C,14
EG030108MAKH99,0,C,0
EG030108SOFRA66,0,C,0
EG030201ASD99,4,C,20
EG030201H2O99,1,C,1
EG030201H3O99,6,C,15
EG030201KASH99,0,C,0
EG030303CANS99,1,C,0
EG030303JHAG99,1,C,1
EG030303JHG99,3,C,5
EG030303MOAZ99CONS,5,C,14
EG030303OKAG99,17,C,76
EG030303SDHG99,1,B,1
EG030304MRTT99C276,2,C,3
EG030401D18G99,0,C,0
EG030401SSS99,2,C,3
EG030402GARD99,1,C,1
EG030402HGR99,1,C,2
EG030402SASA99,2,C,2
EG030402SFFA99,1,C,0
EG030402SUG99,1,C,2
EG030403ASA99,31,B,86
EG0305012RMR99,0,C,0
EG030501BNNN99,3,C,12
EG030501CONV07,1,C,1
EG030501JHAG99,1,C,1
EG030501KJJ99,0,C,0
EG030501NEAF99,13,C,62
EG030501NFJJ99,13,B,81
EG030501NT2BG99,2,C,5
EG030501NT2GR99,1,C,3
EG030501NT2OF99,2,C,3
EG030501NT3BG99,5,C,6
EG030501NT3GR99,3,C,4
EG030501NT3OF99,4,C,4
EG030501SILV99,0,C,0
EG030501SU99CONS33,0,C,0
EG040101SK3199,3,C,7
EG040107BOTB99,0,C,0
EG040107BOTL99,0,C,0
EG040107BOTP99,0,C,0
EG040107CNBB99,0,C,0
EG040107FB0799,1,C,0
EG040107GSTA99,0,C,0
EG040107NEEK99,1,C,0
EG040107NF0799,1,C,0
EG040107TRQW99,0,C,0
EG040108TRAS99,6,C,23
EG040108VFEW99,8,B,13
EG040109EEHO99,9,C,16
EG040109GFRE99,3,C,7
EG040303ALEO99,1,C,0
EG040303AUYW99,1,C,0
EG040303TRUE99,0,C,0
EG040304SXCV99,1,C,2
EG040501BVET99,3,C,5
EG040501CDRE99,2,C,4
EG040501PLUS99,1,C,0
EG040501TIRM99,0,C,0
EG040501VEEN99,264,B,255
EG050102SMR99,2,C,3
EG050103FAHO99,1,C,0
EG050201MASH99,0,C,0
EG050201PEDA99,2,C,2
EG050301ASAL99C531,1,C,0
EG050301ELRS99,362,A,595
EG050301EWG99,0,C,0
EG050301MDF399,0,C,0
EG050301MPG99,0,C,0
EG050301MSST99C442,0,C,0
EG050301WAGU99,0,C,0
EG050401CSCC99,9,C,30
EG050401GRNR99,1,C,2
EG050401MZSG99,11,A,60
EG050402SBHS99,28,B,98
EG050502BMCB99,3,B,12
EG050502BMCP99,8,B,28
EG050502CHBC99,3,C,5
EG050502ELPU99,3,C,8
EG050601COLR99,0,C,0
EG050701BCHS99,0,C,0
EG050701BCSC99,0,C,0
EG050701BMSG99,28,A,89
EG050701GEBT99,0,C,0
EG051002BESK99,25,B,100
EG051002TKSI99,0,C,0
EG40107BM0099,1,C,0
ماكينة حلاقة Nova,1,C,0
030302AA0002,1,C,0
034PWT99,1,C,1
03HSSM99,0,C,0
03ROCK99,10,B,28
040304AS0099,0,C,0
05EBBS99,4,C,13
EG010101GAKL99,2,C,3
EG010101MBRE99,0,C,0
EG010101T80000,11,C,32
EG010301ND0599,0,C,0
EG010301NDPB06,0,C,0
EG010303PROJGAM00,28,B,95
EG010503G1A1000,5,C,15
EG010604AIRGYM000,0,C,0
EG020103E3599,0,C,0
EG020103EQ3599,0,C,0
EG020105MC0802,1,C,1
EG02011CDWA99,0,C,0
EG02011CXWP99,0,C,0
EG02011CXWQ99,1,C,1
EG02011KMTY99,1,C,2
EG02011NMKJ99,1,C,1
EG02011OIWW99,0,C,0
EG02011VBPL99,1,C,1
EG02011VCDS99,2,C,2
EG02011VCQO99,1,C,0
EG02011VTOL99,1,C,1
EG030101EVGR99,0,C,0
EG030102SEND99,0,C,0
EG030102SHGR99,1,C,1
EG030104STTN99,50,B,155
EG030107HNFV99,3,C,4
EG030107JHJ99,1,C,2
EG030108BI2GE99,4,C,20
EG030108BIGE99,1,C,1
EG030108JH12Y99,46,B,153
EG030108JH16Y99,107,B,346
EG030108JH18Y99,61,B,150
EG030108NEW21,1,C,1
EG030108NO2NI99,13,C,64
EG030108NONI99,3,C,4
EG030302DOKJ99CONS,0,C,0
EG030302FAAA99,12,C,45
EG030302FANT9,7,C,45
EG030303ASAU99,1,C,2
EG030303KES99,1,C,1
EG030303SONK99,2,C,2
EG030303VSSI99,1,C,0
EG030304FIIB99C276,1,C,0
EG030402SYUG99,354,A,668
EG030402TOKH99,2,C,2
EG030501AIUG99,0,C,0
EG030501FLLS99,2,C,1
EG030501FRKM01,0,C,0
EG030501NAAF99,2,C,3
EG030501NAJ99,0,C,0
EG030501NLPO99,14,B,73
EG030501OIUO99,4,C,18
EG030501OXIE99,5,C,10
EG030501SAXN99,0,C,0
EG040104BVEW99,2,B,1
EG040104CXQP99,1,C,1
EG040104HP0099,0,C,0
EG040104VCEO99,4,C,15
EG040107BP0099,0,C,0
EG040107HNGB99,0,C,0
EG040107JNBV99,1,C,0
EG040107PMPS99,0,C,0
EG040108WSED99,0,C,0
EG040109EEHN99,0,C,0
EG040302VCEW99,15,C,69
EG040304GBRE99,0,C,0
EG040501BVFD99,68,B,137
EG040501GVFC99,1,C,0
EG040501MALL99,0,C,0
EG040501TRMX99,1,C,1
EG040501VCEW99,0,C,0
EG040501VCRE99,3,C,15
EG040501VTRL99,0,C,0
EG050101CAMB99,0,C,0
EG050101MAKK99,0,C,0
EG050102CABL99CONS,0,C,0
EG050106SAFNN99,10,C,45
EG050201GWMS99,1,C,1
EG050301BHBO99,2,C,4
EG050301EGG99,35,A,105
EG050301EGN99,3,B,2
EG050301MEDM99,1,C,0
EG050301RAYA99C531,1,C,1
EG050301TAYA99,0,C,0
EG050302TBFB99,2,C,4
EG050402LJML99,1,C,0
EG050402SBIA99,15,B,41
EG050402SHIN99,0,C,0
EG050501EBFB99,8,C,23
EG050502CHBS99,2,C,5
EG050701BANDL99,42,B,107
EG050701BANWL99,1,C,1
EG050701CAUC99,3,C,8
EG050701GWBB99,6,C,21
EG050701HSB99,1,C,0
EG050701MOCA99,1,C,0
EG050701MOZB99,0,C,0
EG050701NLB99,0,C,0
EG050701PEPE99,0,C,0
EG050701PRBS99,1,C,1
EG050701SBBC99,0,C,0
EG050701SPB099,4,C,25
EG050701SPBS99,0,C,0
EG050701TFD99,1,C,2
EG050701TRAM99,0,C,0
EG050901BOGI99,1,C,0
EG050901DABD99,1,C,1
EG051001CSL99,1,C,0
EG051001TBBV99,16,C,59
EG051002BESS99,42,B,71
EG051002CEF99,2,C,4
EG051002HSV99,0,C,0
EG051002NLF99,0,C,0
010101FT8006,2,C,4
030104GZAM999,5,C,2
033PAK99,0,C,0
03DC2M10,2,C,5
03DDPE99,95,B,206
03FPPVFM,2,C,3
050301SA0001,0,C,0
EG0010601X2X33600R,31,C,118
EG010101SWNABI0000,0,C,0
EG010102BNDK000,4,C,11
EG010301AVGY99,0,C,0
EG010301R36X200,0,C,0
EG010302TST000,1178,A,5205
EG0103039F00,163,B,280
EG010401STRT99,0,C,0
EG010401WSJA99,0,C,0
EG010402CAMRY000,37,C,135
EG010403WTFK99,3,C,4
EG01040RADM00,17,C,32
EG010501ANKE99,0,C,0
EG010502DJ0000,18,C,60
EG010503ZALM99,4,C,24
EG010601AWWA00,1,C,1
EG010601DZND00,6,C,22
EG010601DZPP00,34,C,100
EG010601DZQC00,2,C,4
EG010601DZUM00,5,C,18
EG010601MDNE00,3,C,7
EG010601MLMD00,4,C,21
EG010601MLRJ99,236,B,555
EG010601MLRU99,7,C,52
EG010601RDPP99NEW,423,A,1190
EG010606SCR0000,0,C,0
EG020104BVRE99,2,C,3
EG020104KLMP99,1,C,1
EG020104SFGD99,2,C,2
EG020104WJQC99,1,C,2
EG020109EA0606CONS,0,C,0
EG02011CWEX99,2,C,2
EG02011CXEW99,1,C,2
EG020207SOKS99,0,C,0
EG020503COOL24C534,5,C,10
EG030101AAS99,0,C,0
EG030106CEGK99,1,C,0
EG030106YHA99,0,C,0
EG030108B2B99,4,C,8
EG030108G2G99,4,C,7
EG030108JG12Y99,132,B,400
EG030108JG16Y99,286,A,648
EG030108JG18Y99,144,B,386
EG030108SO6F99,2,C,15
EG030108SO8F99,5,C,11
EG030201HA3O99,0,C,0
EG030201LOKJ99,0,C,0
EG030202FAHM99,0,C,0
EG030401BBA99,46,B,205
EG030401BOMH99,3,C,6
EG030401CNEW99,693,A,1369
EG030401CNEW99WW,131,B,364
EG030401DSPG99C8,0,C,0
EG030401EYTW99,71,B,185
EG030401GREN03NEW,2,C,3
EG030401IJS99,9,C,26
EG030401JHA99,123,B,259
EG030401KACA99,47,B,117
EG030401W2P99,0,C,0
EG030403AKYA99,1,C,2
EG030405AESH99,2,C,4
EG030405AH99,28,B,158
EG030405AJH99,5,C,12
EG030501BNNN9,2,C,3
EG030501CKKA99,103,B,186
EG030501COFF99,0,C,0
EG030501MRKN99,60,B,186
EG030501NNNI99,0,C,0
EG030501NSLPO99,2,C,6
EG030501PLKO99,1,C,1
EG030501RAAN99,306,A,1002
EG030501SILT99,1,C,2
EG030501YH4F99,0,C,0
EG040101COTN99,3,C,29
EG040101FEHI99,1,C,1
EG040104BVRE99,2,C,2
EG040104XCET99,1,C,3
EG040105LASK99,16,C,73
EG040107BTWL99,3,C,5
EG040107BVPL99,48,C,60
EG040107BVRE99,4,C,9
EG040107CB0099,1,C,1
EG040107NIKO99,0,C,0
EG040107VCEW99,281,A,603
EG040107WYET99,1,C,1
EG040108BVRE99,6,C,17
EG040108SVET99,0,C,0
EG040108VCRE99,14,C,33
EG040303BVTR99,155,B,342
EG040303DGET99,0,C,0
EG040303ESYR99,1,C,1
EG040303NBVC99C531,0,C,0
EG040303VCRE99,3,C,8
EG040304BVRE99,5,C,18
EG040305BVRE99,0,C,0
EG040305VCRE99,1,C,3
EG040401NVRE99,220,B,566
EG040401VCVE99,4,C,11
EG040403BVRE99,163,A,464
EG040404HNAZ99,1,C,2
EG040501BITR99,14,C,52
EG040501BVTR99,4,C,5
EG040501DCVB99,2,C,3
EG040501ETTE99,8,C,35
EG040501MSKK99,0,C,0
EG040501MUSK99,0,C,0
EG040501UJED99,1,C,1
EG040501VCEL99,1,C,4
EG040501VCFD99,140,A,359
EG040501VCHE99,565,A,912
EG040501VCXSW99,3,C,6
EG040501VRFD99,1,C,0
EG040501YVOE99,0,C,0
EG050101CAMI99,3,C,14
EG050101CAMY99,18,C,87
EG050101EWA12S99,0,C,0
EG050101EWA12S99NEW,1,C,2
EG050101EWA6S99NEW,0,C,0
EG050101EWA9S99,0,C,0
EG050101EWA9S99NEW,0,C,0
EG050101LEDQ99,0,C,0
EG050101MASH99,0,C,0
EG050101MWA12S99,0,C,0
EG050101MWA6S99,0,C,0
EG050101MWA6S99NEW,0,C,0
EG050101MWA9S99,0,C,0
EG050102SAFA99,1,C,1
EG050105PCSM99,0,C,0
EG050106SSFV99,7,C,30
EG050301SHARK99,3,C,19
EG050301TAFE99,1,C,1
EG050401DREO99,1,C,1
EG050402DOUK99,1,C,0
EG050402STBB99NEW,234,A,627
EG050402STYB99,0,C,0
EG050402TOLS99,1,C,1
EG050701CEB99,0,C,0
EG050701CT0000,18,C,48
EG050701DMTF99NEW,337,A,784
EG050701FFOT99,1,C,1
EG050701GBB0000,0,C,0
EG050701GBR99,0,C,0
EG050701GFTA99,0,C,0
EG050701JUC0000,0,C,0
EG050701TCGB99,0,C,0
EG0507KMJN99,0,C,0
EG051002BEST99,3,C,5
EG1Y841726M,1081,A,3978
EG30501WA2S99NEW,0,C,0
EG30501WA3S99NEW,0,C,0
EG30501WA4S99NEW,5,C,16
EG6472891M,363,A,1131
EG6M918452M,7,B,31
01SM1499,1,C,0
03TGCR99,1,C,0
04EPMC99,1,C,1
04MFSST9,7,C,17
050101CV0099,1,C,1
07BFCT100,1,C,0
EG010401XLU99,9,C,10
EG010501IACP99,3,C,4
EG010601BACE0000,1,C,0
EG010601TIKE00,1,C,1
EG010601VUY99,14,C,29
EG01060X2CAMSO00,1,C,2
EG020103KQ2999,1,C,1
EG020105MC0702,1,C,1
EG030101ALAL99,1,C,2
EG030102MNDE99,45,C,94
EG030104FNOK99,1,C,1
EG030104TLKZ99,52,C,53
EG030104UJAOD99,145,B,217
EG030104UJID99,1,C,0
EG030106HBGV99C531,8,C,11
EG030107KJD99,2,C,2
EG030108YHTR99,8,C,13
EG030108YIKR99,1,C,0
EG030108YOKR99,2,C,3
EG030108YOLR99,14,C,23
EG030108YPLR99,3,C,4
EG030303EIJG99,1,C,1
EG030303FAL99,1,C,0
EG030303JHU99,24,C,40
EG030303JUJU99,6,C,8
EG030303SE99,4,C,5
EG030303WASE99,4,C,4
EG030304WAKI99C276,1,C,2
EG030401BAU99,761,A,748
EG030401BN99,8,C,11
EG030401EJW99,2,C,2
EG030401EW99,1,C,2
EG030401HDD99,153,C,190
EG030401MR99,7,C,8
EG030401TRBU99,1,C,0
EG030402BOUR99,1,C,1
EG030402LEFF99,1,C,1
EG030402SBRR99,1,C,0
EG030402SU2G99,1,C,0
EG030405JNB99,1,C,0
EG030405POP99,1,C,1
EG030405POT99,203,C,191
EG030405POUT99,29,C,56
EG030405YLGP99,3,C,5
EG030405YNP99,1,C,1
EG030501ASD99,4,C,6
EG030501ASOD99,1,C,0
EG030501AUD99,41,C,89
EG030501HOBB99,1,C,0
EG030501JHYG99,1,C,1
EG030501NEF99,9,C,10
EG030501NN99,3,C,4
EG030501S2LC99,20,C,31
EG030501SHAM99,1,C,2
EG030501SHHB99,1,C,0
EG030501WA1299,46,C,93
EG040101SANY99,1,C,1
EG040107BBNN99,7,C,11
EG040107BOTR99,5,C,6
EG040107FBAG99,40,C,34
EG040107VYMW99,1,C,2
EG040108CXEW99,1,C,0
EG040108VTRE99,1,C,1
EG040109DW0099,5,C,6
EG040109REHI99,1,C,0
EG040110BVTR99,2,C,3
EG040110NAIL99,8,C,12
EG040301BL0199,1,C,0
EG040301TRFD99,1,C,0
EG040302ROMN99,6,C,7
EG040302WHIT99,9,C,20
EG040303GVFC99C531,1,C,0
EG040303ZMMN99,1,C,1
EG040304BROW99,9,C,12
EG040401BVPL99,189,C,169
EG040401BVWM99,40,C,39
EG040401DOKJ99CONS,1,C,0
EG040401VCEW99,1,C,2
EG0405017CRE99,2,C,2
EG040501BBTR99,6,C,8
EG040501BIYTR99,14,C,22
EG040501BVDE99,1,C,0
EG040501BVOE99,4,C,5
EG040501CDEM99,1,C,1
EG040501CMWP99,1,C,1
EG040501INSL99,1,C,1
EG040501RMST99,5,C,7
EG040501STRW99,7,C,8
EG040501VCER99,4,C,4
EG040501VCLM99,4,C,4
EG040501VCRU99,1,C,1
EG040501VCUE99,8,C,12
EG040501VCYJ99,2,C,3
EG040501VPLS99,8,C,15
EG040501VSOL99,1,C,1
EG040501XSDC99,1,C,0
EG050101MAHO99,1,C,1
EG050101MEMO99,1,C,0
EG050101MWA12S99NEW,7,C,7
EG050102EARS99,69,C,135
EG050106HUMD99,1,C,1
EG050202MBS99,5,C,6
EG050301AS0000,3,C,4
EG050301KS0000,8,C,19
EG050301RS0000,5,C,19
EG050401MOST99,3,C,3
EG050402DOWO99,2,C,4
EG050402MOAW99,1,C,0
EG050402NTOOL99,21,C,39
EG050402SHNI99,1,C,2
EG050501CRPLN99,1,C,1
EG050501SSPA99,56,C,49
EG0507013HPHS0000,8,C,19
EG0507013HPHV0000,8,C,17
EG0507013SBMT0000,1839,A,1736
EG050701BATB99,1,C,0
EG050701BBBS99,1,C,0
EG050701GIFT99,49,C,42
EG050701MTZE99,4,C,5
EG050701RM0099,1,C,0
EG050701SBMT0000,1,C,0
EG050701SPB0000,9,C,15
EG0507CMPS99,349,B,334
EG050901FAWA99,1,C,0
MA0192,1,C,0
SC0143B1,1,C,1
